{
  "capitales": [
    {
      "id": "total",
      "nombre": "Total",
      "datos": [
        {
          "anio": 1998,
          "poblacion": 13689647
        },
        {
          "anio": 1999,
          "poblacion": 13738893
        },
        {
          "anio": 2000,
          "poblacion": 13764841
        },
        {
          "anio": 2001,
          "poblacion": 13926117
        },
        {
          "anio": 2002,
          "poblacion": 14122538
        },
        {
          "anio": 2003,
          "poblacion": 14405636
        },
        {
          "anio": 2004,
          "poblacion": 14458807
        },
        {
          "anio": 2005,
          "poblacion": 14645673
        },
        {
          "anio": 2006,
          "poblacion": 14695472
        },
        {
          "anio": 2007,
          "poblacion": 14704665
        },
        {
          "anio": 2008,
          "poblacion": 14932206
        },
        {
          "anio": 2009,
          "poblacion": 15058625
        },
        {
          "anio": 2010,
          "poblacion": 15092167
        },
        {
          "anio": 2011,
          "poblacion": 15064533
        },
        {
          "anio": 2012,
          "poblacion": 15029101
        },
        {
          "anio": 2013,
          "poblacion": 14959668
        },
        {
          "anio": 2014,
          "poblacion": 14847271
        },
        {
          "anio": 2015,
          "poblacion": 14791809
        },
        {
          "anio": 2016,
          "poblacion": 14805668
        },
        {
          "anio": 2017,
          "poblacion": 14833628
        },
        {
          "anio": 2018,
          "poblacion": 14898437
        },
        {
          "anio": 2019,
          "poblacion": 15007354
        },
        {
          "anio": 2020,
          "poblacion": 15174588
        },
        {
          "anio": 2021,
          "poblacion": 15041697
        }
      ],
      "foto": "total.png"
    },
    {
      "id": "albacete",
      "nombre": "Albacete",
      "datos": [
        {
          "anio": 1998,
          "poblacion": 145454
        },
        {
          "anio": 1999,
          "poblacion": 147527
        },
        {
          "anio": 2000,
          "poblacion": 149667
        },
        {
          "anio": 2001,
          "poblacion": 149507
        },
        {
          "anio": 2002,
          "poblacion": 152155
        },
        {
          "anio": 2003,
          "poblacion": 155142
        },
        {
          "anio": 2004,
          "poblacion": 156466
        },
        {
          "anio": 2005,
          "poblacion": 159518
        },
        {
          "anio": 2006,
          "poblacion": 161508
        },
        {
          "anio": 2007,
          "poblacion": 164771
        },
        {
          "anio": 2008,
          "poblacion": 166909
        },
        {
          "anio": 2009,
          "poblacion": 169716
        },
        {
          "anio": 2010,
          "poblacion": 170475
        },
        {
          "anio": 2011,
          "poblacion": 171390
        },
        {
          "anio": 2012,
          "poblacion": 172472
        },
        {
          "anio": 2013,
          "poblacion": 172693
        },
        {
          "anio": 2014,
          "poblacion": 172487
        },
        {
          "anio": 2015,
          "poblacion": 172121
        },
        {
          "anio": 2016,
          "poblacion": 172426
        },
        {
          "anio": 2017,
          "poblacion": 172816
        },
        {
          "anio": 2018,
          "poblacion": 173050
        },
        {
          "anio": 2019,
          "poblacion": 173329
        },
        {
          "anio": 2020,
          "poblacion": 174336
        },
        {
          "anio": 2021,
          "poblacion": 172722
        }
      ],
      "foto": "albacete.png"
    },
    {
      "id": "alicante",
      "nombre": "Alicante",
      "datos": [
        {
          "anio": 1998,
          "poblacion": 272432
        },
        {
          "anio": 1999,
          "poblacion": 272432
        },
        {
          "anio": 2000,
          "poblacion": 276886
        },
        {
          "anio": 2001,
          "poblacion": 283243
        },
        {
          "anio": 2002,
          "poblacion": 293629
        },
        {
          "anio": 2003,
          "poblacion": 305911
        },
        {
          "anio": 2004,
          "poblacion": 310330
        },
        {
          "anio": 2005,
          "poblacion": 319380
        },
        {
          "anio": 2006,
          "poblacion": 322431
        },
        {
          "anio": 2007,
          "poblacion": 322673
        },
        {
          "anio": 2008,
          "poblacion": 331750
        },
        {
          "anio": 2009,
          "poblacion": 334757
        },
        {
          "anio": 2010,
          "poblacion": 334418
        },
        {
          "anio": 2011,
          "poblacion": 334329
        },
        {
          "anio": 2012,
          "poblacion": 334678
        },
        {
          "anio": 2013,
          "poblacion": 335052
        },
        {
          "anio": 2014,
          "poblacion": 332067
        },
        {
          "anio": 2015,
          "poblacion": 328648
        },
        {
          "anio": 2016,
          "poblacion": 330525
        },
        {
          "anio": 2017,
          "poblacion": 329988
        },
        {
          "anio": 2018,
          "poblacion": 331577
        },
        {
          "anio": 2019,
          "poblacion": 334887
        },
        {
          "anio": 2020,
          "poblacion": 337482
        },
        {
          "anio": 2021,
          "poblacion": 337304
        }
      ],
      "foto": "alicante.png"
    },
    {
      "id": "almeria",
      "nombre": "Almería",
      "datos": [
        {
          "anio": 1998,
          "poblacion": 168025
        },
        {
          "anio": 1999,
          "poblacion": 169027
        },
        {
          "anio": 2000,
          "poblacion": 168945
        },
        {
          "anio": 2001,
          "poblacion": 170994
        },
        {
          "anio": 2002,
          "poblacion": 173338
        },
        {
          "anio": 2003,
          "poblacion": 176727
        },
        {
          "anio": 2004,
          "poblacion": 177681
        },
        {
          "anio": 2005,
          "poblacion": 181702
        },
        {
          "anio": 2006,
          "poblacion": 185309
        },
        {
          "anio": 2007,
          "poblacion": 186651
        },
        {
          "anio": 2008,
          "poblacion": 187521
        },
        {
          "anio": 2009,
          "poblacion": 188810
        },
        {
          "anio": 2010,
          "poblacion": 190013
        },
        {
          "anio": 2011,
          "poblacion": 190349
        },
        {
          "anio": 2012,
          "poblacion": 191443
        },
        {
          "anio": 2013,
          "poblacion": 192697
        },
        {
          "anio": 2014,
          "poblacion": 193351
        },
        {
          "anio": 2015,
          "poblacion": 194203
        },
        {
          "anio": 2016,
          "poblacion": 194515
        },
        {
          "anio": 2017,
          "poblacion": 195389
        },
        {
          "anio": 2018,
          "poblacion": 196851
        },
        {
          "anio": 2019,
          "poblacion": 198533
        },
        {
          "anio": 2020,
          "poblacion": 201322
        },
        {
          "anio": 2021,
          "poblacion": 200753
        }
      ],
      "foto": "almeria.png"
    },
    {
      "id": "avila",
      "nombre": "Ávila",
      "datos": [
        {
          "anio": 1998,
          "poblacion": 47650
        },
        {
          "anio": 1999,
          "poblacion": 47682
        },
        {
          "anio": 2000,
          "poblacion": 47843
        },
        {
          "anio": 2001,
          "poblacion": 47967
        },
        {
          "anio": 2002,
          "poblacion": 50241
        },
        {
          "anio": 2003,
          "poblacion": 52078
        },
        {
          "anio": 2004,
          "poblacion": 52417
        },
        {
          "anio": 2005,
          "poblacion": 52612
        },
        {
          "anio": 2006,
          "poblacion": 53272
        },
        {
          "anio": 2007,
          "poblacion": 53794
        },
        {
          "anio": 2008,
          "poblacion": 56144
        },
        {
          "anio": 2009,
          "poblacion": 56855
        },
        {
          "anio": 2010,
          "poblacion": 58245
        },
        {
          "anio": 2011,
          "poblacion": 59008
        },
        {
          "anio": 2012,
          "poblacion": 58915
        },
        {
          "anio": 2013,
          "poblacion": 59258
        },
        {
          "anio": 2014,
          "poblacion": 58933
        },
        {
          "anio": 2015,
          "poblacion": 58358
        },
        {
          "anio": 2016,
          "poblacion": 58083
        },
        {
          "anio": 2017,
          "poblacion": 58149
        },
        {
          "anio": 2018,
          "poblacion": 57657
        },
        {
          "anio": 2019,
          "poblacion": 57744
        },
        {
          "anio": 2020,
          "poblacion": 58369
        },
        {
          "anio": 2021,
          "poblacion": 57949
        }
      ],
      "foto": "avila.png"
    },
    {
      "id": "badajoz",
      "nombre": "Badajoz",
      "datos": [
        {
          "anio": 1998,
          "poblacion": 134710
        },
        {
          "anio": 1999,
          "poblacion": 136613
        },
        {
          "anio": 2000,
          "poblacion": 136136
        },
        {
          "anio": 2001,
          "poblacion": 136319
        },
        {
          "anio": 2002,
          "poblacion": 136851
        },
        {
          "anio": 2003,
          "poblacion": 138415
        },
        {
          "anio": 2004,
          "poblacion": 139135
        },
        {
          "anio": 2005,
          "poblacion": 143019
        },
        {
          "anio": 2006,
          "poblacion": 143748
        },
        {
          "anio": 2007,
          "poblacion": 145257
        },
        {
          "anio": 2008,
          "poblacion": 146832
        },
        {
          "anio": 2009,
          "poblacion": 148334
        },
        {
          "anio": 2010,
          "poblacion": 150376
        },
        {
          "anio": 2011,
          "poblacion": 151565
        },
        {
          "anio": 2012,
          "poblacion": 152270
        },
        {
          "anio": 2013,
          "poblacion": 150621
        },
        {
          "anio": 2014,
          "poblacion": 150517
        },
        {
          "anio": 2015,
          "poblacion": 149892
        },
        {
          "anio": 2016,
          "poblacion": 149946
        },
        {
          "anio": 2017,
          "poblacion": 150543
        },
        {
          "anio": 2018,
          "poblacion": 150530
        },
        {
          "anio": 2019,
          "poblacion": 150702
        },
        {
          "anio": 2020,
          "poblacion": 150984
        },
        {
          "anio": 2021,
          "poblacion": 150610
        }
      ],
      "foto": "badajoz.png"
    },
    {
      "id": "barcelona",
      "nombre": "Barcelona",
      "datos": [
        {
          "anio": 1998,
          "poblacion": 1505581
        },
        {
          "anio": 1999,
          "poblacion": 1503451
        },
        {
          "anio": 2000,
          "poblacion": 1496266
        },
        {
          "anio": 2001,
          "poblacion": 1505325
        },
        {
          "anio": 2002,
          "poblacion": 1527190
        },
        {
          "anio": 2003,
          "poblacion": 1582738
        },
        {
          "anio": 2004,
          "poblacion": 1578546
        },
        {
          "anio": 2005,
          "poblacion": 1593075
        },
        {
          "anio": 2006,
          "poblacion": 1605602
        },
        {
          "anio": 2007,
          "poblacion": 1595110
        },
        {
          "anio": 2008,
          "poblacion": 1615908
        },
        {
          "anio": 2009,
          "poblacion": 1621537
        },
        {
          "anio": 2010,
          "poblacion": 1619337
        },
        {
          "anio": 2011,
          "poblacion": 1615448
        },
        {
          "anio": 2012,
          "poblacion": 1620943
        },
        {
          "anio": 2013,
          "poblacion": 1611822
        },
        {
          "anio": 2014,
          "poblacion": 1602386
        },
        {
          "anio": 2015,
          "poblacion": 1604555
        },
        {
          "anio": 2016,
          "poblacion": 1608746
        },
        {
          "anio": 2017,
          "poblacion": 1620809
        },
        {
          "anio": 2018,
          "poblacion": 1620343
        },
        {
          "anio": 2019,
          "poblacion": 1636762
        },
        {
          "anio": 2020,
          "poblacion": 1664182
        },
        {
          "anio": 2021,
          "poblacion": 1636732
        }
      ],
      "foto": "barcelona.png"
    },
    {
      "id": "bilbao",
      "nombre": "Bilbao",
      "datos": [
        {
          "anio": 1998,
          "poblacion": 358467
        },
        {
          "anio": 1999,
          "poblacion": 357589
        },
        {
          "anio": 2000,
          "poblacion": 354271
        },
        {
          "anio": 2001,
          "poblacion": 353943
        },
        {
          "anio": 2002,
          "poblacion": 353950
        },
        {
          "anio": 2003,
          "poblacion": 353567
        },
        {
          "anio": 2004,
          "poblacion": 352317
        },
        {
          "anio": 2005,
          "poblacion": 353173
        },
        {
          "anio": 2006,
          "poblacion": 354145
        },
        {
          "anio": 2007,
          "poblacion": 353168
        },
        {
          "anio": 2008,
          "poblacion": 353340
        },
        {
          "anio": 2009,
          "poblacion": 354860
        },
        {
          "anio": 2010,
          "poblacion": 353187
        },
        {
          "anio": 2011,
          "poblacion": 352700
        },
        {
          "anio": 2012,
          "poblacion": 351629
        },
        {
          "anio": 2013,
          "poblacion": 349356
        },
        {
          "anio": 2014,
          "poblacion": 346574
        },
        {
          "anio": 2015,
          "poblacion": 345141
        },
        {
          "anio": 2016,
          "poblacion": 345122
        },
        {
          "anio": 2017,
          "poblacion": 345110
        },
        {
          "anio": 2018,
          "poblacion": 345821
        },
        {
          "anio": 2019,
          "poblacion": 346843
        },
        {
          "anio": 2020,
          "poblacion": 350184
        },
        {
          "anio": 2021,
          "poblacion": 346405
        }
      ],
      "foto": "bilbao.png"
    },
    {
      "id": "burgos",
      "nombre": "Burgos",
      "datos": [
        {
          "anio": 1998,
          "poblacion": 161984
        },
        {
          "anio": 1999,
          "poblacion": 162802
        },
        {
          "anio": 2000,
          "poblacion": 163358
        },
        {
          "anio": 2001,
          "poblacion": 166251
        },
        {
          "anio": 2002,
          "poblacion": 167962
        },
        {
          "anio": 2003,
          "poblacion": 169317
        },
        {
          "anio": 2004,
          "poblacion": 169682
        },
        {
          "anio": 2005,
          "poblacion": 172421
        },
        {
          "anio": 2006,
          "poblacion": 173676
        },
        {
          "anio": 2007,
          "poblacion": 174075
        },
        {
          "anio": 2008,
          "poblacion": 177879
        },
        {
          "anio": 2009,
          "poblacion": 178966
        },
        {
          "anio": 2010,
          "poblacion": 178574
        },
        {
          "anio": 2011,
          "poblacion": 179251
        },
        {
          "anio": 2012,
          "poblacion": 179906
        },
        {
          "anio": 2013,
          "poblacion": 179097
        },
        {
          "anio": 2014,
          "poblacion": 177776
        },
        {
          "anio": 2015,
          "poblacion": 177100
        },
        {
          "anio": 2016,
          "poblacion": 176608
        },
        {
          "anio": 2017,
          "poblacion": 175623
        },
        {
          "anio": 2018,
          "poblacion": 175921
        },
        {
          "anio": 2019,
          "poblacion": 175821
        },
        {
          "anio": 2020,
          "poblacion": 176418
        },
        {
          "anio": 2021,
          "poblacion": 174051
        }
      ],
      "foto": "burgos.png"
    },
    {
      "id": "caceres",
      "nombre": "Cáceres",
      "datos": [
        {
          "anio": 1998,
          "poblacion": 78614
        },
        {
          "anio": 1999,
          "poblacion": 78614
        },
        {
          "anio": 2000,
          "poblacion": 82235
        },
        {
          "anio": 2001,
          "poblacion": 82034
        },
        {
          "anio": 2002,
          "poblacion": 84439
        },
        {
          "anio": 2003,
          "poblacion": 87088
        },
        {
          "anio": 2004,
          "poblacion": 88245
        },
        {
          "anio": 2005,
          "poblacion": 89029
        },
        {
          "anio": 2006,
          "poblacion": 90218
        },
        {
          "anio": 2007,
          "poblacion": 90802
        },
        {
          "anio": 2008,
          "poblacion": 92187
        },
        {
          "anio": 2009,
          "poblacion": 93131
        },
        {
          "anio": 2010,
          "poblacion": 94179
        },
        {
          "anio": 2011,
          "poblacion": 95026
        },
        {
          "anio": 2012,
          "poblacion": 95668
        },
        {
          "anio": 2013,
          "poblacion": 95925
        },
        {
          "anio": 2014,
          "poblacion": 95855
        },
        {
          "anio": 2015,
          "poblacion": 95617
        },
        {
          "anio": 2016,
          "poblacion": 95814
        },
        {
          "anio": 2017,
          "poblacion": 95917
        },
        {
          "anio": 2018,
          "poblacion": 96068
        },
        {
          "anio": 2019,
          "poblacion": 96126
        },
        {
          "anio": 2020,
          "poblacion": 96255
        },
        {
          "anio": 2021,
          "poblacion": 95418
        }
      ],
      "foto": "caceres.png"
    },
    {
      "id": "cadiz",
      "nombre": "Cádiz",
      "datos": [
        {
          "anio": 1998,
          "poblacion": 143129
        },
        {
          "anio": 1999,
          "poblacion": 142449
        },
        {
          "anio": 2000,
          "poblacion": 140061
        },
        {
          "anio": 2001,
          "poblacion": 137971
        },
        {
          "anio": 2002,
          "poblacion": 136236
        },
        {
          "anio": 2003,
          "poblacion": 134989
        },
        {
          "anio": 2004,
          "poblacion": 133242
        },
        {
          "anio": 2005,
          "poblacion": 131813
        },
        {
          "anio": 2006,
          "poblacion": 130561
        },
        {
          "anio": 2007,
          "poblacion": 128554
        },
        {
          "anio": 2008,
          "poblacion": 127200
        },
        {
          "anio": 2009,
          "poblacion": 126766
        },
        {
          "anio": 2010,
          "poblacion": 125826
        },
        {
          "anio": 2011,
          "poblacion": 124892
        },
        {
          "anio": 2012,
          "poblacion": 123948
        },
        {
          "anio": 2013,
          "poblacion": 122990
        },
        {
          "anio": 2014,
          "poblacion": 121739
        },
        {
          "anio": 2015,
          "poblacion": 120468
        },
        {
          "anio": 2016,
          "poblacion": 118919
        },
        {
          "anio": 2017,
          "poblacion": 118048
        },
        {
          "anio": 2018,
          "poblacion": 116979
        },
        {
          "anio": 2019,
          "poblacion": 116027
        },
        {
          "anio": 2020,
          "poblacion": 115439
        },
        {
          "anio": 2021,
          "poblacion": 114244
        }
      ],
      "foto": "cadiz.png"
    },
    {
      "id": "castellon",
      "nombre": "Castellón de la Plana",
      "datos": [
        {
          "anio": 1998,
          "poblacion": 137741
        },
        {
          "anio": 1999,
          "poblacion": 139712
        },
        {
          "anio": 2000,
          "poblacion": 142285
        },
        {
          "anio": 2001,
          "poblacion": 146563
        },
        {
          "anio": 2002,
          "poblacion": 153225
        },
        {
          "anio": 2003,
          "poblacion": 160714
        },
        {
          "anio": 2004,
          "poblacion": 163088
        },
        {
          "anio": 2005,
          "poblacion": 167455
        },
        {
          "anio": 2006,
          "poblacion": 172110
        },
        {
          "anio": 2007,
          "poblacion": 172624
        },
        {
          "anio": 2008,
          "poblacion": 177924
        },
        {
          "anio": 2009,
          "poblacion": 180005
        },
        {
          "anio": 2010,
          "poblacion": 180690
        },
        {
          "anio": 2011,
          "poblacion": 180114
        },
        {
          "anio": 2012,
          "poblacion": 180204
        },
        {
          "anio": 2013,
          "poblacion": 180185
        },
        {
          "anio": 2014,
          "poblacion": 173841
        },
        {
          "anio": 2015,
          "poblacion": 171669
        },
        {
          "anio": 2016,
          "poblacion": 170990
        },
        {
          "anio": 2017,
          "poblacion": 169498
        },
        {
          "anio": 2018,
          "poblacion": 170888
        },
        {
          "anio": 2019,
          "poblacion": 171728
        },
        {
          "anio": 2020,
          "poblacion": 174264
        },
        {
          "anio": 2021,
          "poblacion": 172589
        }
      ],
      "foto": "castellon.png"
    },
    {
      "id": "ciudad_real",
      "nombre": "Ciudad Real",
      "datos": [
        {
          "anio": 1998,
          "poblacion": 61138
        },
        {
          "anio": 1999,
          "poblacion": 61138
        },
        {
          "anio": 2000,
          "poblacion": 60243
        },
        {
          "anio": 2001,
          "poblacion": 61280
        },
        {
          "anio": 2002,
          "poblacion": 65084
        },
        {
          "anio": 2003,
          "poblacion": 65703
        },
        {
          "anio": 2004,
          "poblacion": 67401
        },
        {
          "anio": 2005,
          "poblacion": 69063
        },
        {
          "anio": 2006,
          "poblacion": 70124
        },
        {
          "anio": 2007,
          "poblacion": 71005
        },
        {
          "anio": 2008,
          "poblacion": 72208
        },
        {
          "anio": 2009,
          "poblacion": 74014
        },
        {
          "anio": 2010,
          "poblacion": 74345
        },
        {
          "anio": 2011,
          "poblacion": 74798
        },
        {
          "anio": 2012,
          "poblacion": 74921
        },
        {
          "anio": 2013,
          "poblacion": 74872
        },
        {
          "anio": 2014,
          "poblacion": 74960
        },
        {
          "anio": 2015,
          "poblacion": 74427
        },
        {
          "anio": 2016,
          "poblacion": 74054
        },
        {
          "anio": 2017,
          "poblacion": 74641
        },
        {
          "anio": 2018,
          "poblacion": 74743
        },
        {
          "anio": 2019,
          "poblacion": 74746
        },
        {
          "anio": 2020,
          "poblacion": 75504
        },
        {
          "anio": 2021,
          "poblacion": 75104
        }
      ],
      "foto": "ciudad_real.png"
    },
    {
      "id": "cordoba",
      "nombre": "Córdoba",
      "datos": [
        {
          "anio": 1998,
          "poblacion": 309961
        },
        {
          "anio": 1999,
          "poblacion": 311708
        },
        {
          "anio": 2000,
          "poblacion": 313463
        },
        {
          "anio": 2001,
          "poblacion": 314034
        },
        {
          "anio": 2002,
          "poblacion": 314805
        },
        {
          "anio": 2003,
          "poblacion": 318628
        },
        {
          "anio": 2004,
          "poblacion": 319692
        },
        {
          "anio": 2005,
          "poblacion": 321164
        },
        {
          "anio": 2006,
          "poblacion": 322867
        },
        {
          "anio": 2007,
          "poblacion": 323600
        },
        {
          "anio": 2008,
          "poblacion": 325453
        },
        {
          "anio": 2009,
          "poblacion": 328428
        },
        {
          "anio": 2010,
          "poblacion": 328547
        },
        {
          "anio": 2011,
          "poblacion": 328659
        },
        {
          "anio": 2012,
          "poblacion": 328841
        },
        {
          "anio": 2013,
          "poblacion": 328704
        },
        {
          "anio": 2014,
          "poblacion": 328041
        },
        {
          "anio": 2015,
          "poblacion": 327362
        },
        {
          "anio": 2016,
          "poblacion": 326609
        },
        {
          "anio": 2017,
          "poblacion": 325916
        },
        {
          "anio": 2018,
          "poblacion": 325708
        },
        {
          "anio": 2019,
          "poblacion": 325701
        },
        {
          "anio": 2020,
          "poblacion": 326039
        },
        {
          "anio": 2021,
          "poblacion": 322071
        }
      ],
      "foto": "cordoba.png"
    },
    {
      "id": "corunia",
      "nombre": "La Coruña",
      "datos": [
        {
          "anio": 1998,
          "poblacion": 243134
        },
        {
          "anio": 1999,
          "poblacion": 243402
        },
        {
          "anio": 2000,
          "poblacion": 241769
        },
        {
          "anio": 2001,
          "poblacion": 239434
        },
        {
          "anio": 2002,
          "poblacion": 242458
        },
        {
          "anio": 2003,
          "poblacion": 243902
        },
        {
          "anio": 2004,
          "poblacion": 242846
        },
        {
          "anio": 2005,
          "poblacion": 243349
        },
        {
          "anio": 2006,
          "poblacion": 243320
        },
        {
          "anio": 2007,
          "poblacion": 244388
        },
        {
          "anio": 2008,
          "poblacion": 245164
        },
        {
          "anio": 2009,
          "poblacion": 246056
        },
        {
          "anio": 2010,
          "poblacion": 246047
        },
        {
          "anio": 2011,
          "poblacion": 246028
        },
        {
          "anio": 2012,
          "poblacion": 246146
        },
        {
          "anio": 2013,
          "poblacion": 245923
        },
        {
          "anio": 2014,
          "poblacion": 244810
        },
        {
          "anio": 2015,
          "poblacion": 243870
        },
        {
          "anio": 2016,
          "poblacion": 243978
        },
        {
          "anio": 2017,
          "poblacion": 244099
        },
        {
          "anio": 2018,
          "poblacion": 244850
        },
        {
          "anio": 2019,
          "poblacion": 245711
        },
        {
          "anio": 2020,
          "poblacion": 247604
        },
        {
          "anio": 2021,
          "poblacion": 245468
        }
      ],
      "foto": "corunia.png"
    },
    {
      "id": "cuenca",
      "nombre": "Cuenca",
      "datos": [
        {
          "anio": 1998,
          "poblacion": 44558
        },
        {
          "anio": 1999,
          "poblacion": 45100
        },
        {
          "anio": 2000,
          "poblacion": 45707
        },
        {
          "anio": 2001,
          "poblacion": 46491
        },
        {
          "anio": 2002,
          "poblacion": 46859
        },
        {
          "anio": 2003,
          "poblacion": 47201
        },
        {
          "anio": 2004,
          "poblacion": 47862
        },
        {
          "anio": 2005,
          "poblacion": 49912
        },
        {
          "anio": 2006,
          "poblacion": 51205
        },
        {
          "anio": 2007,
          "poblacion": 52980
        },
        {
          "anio": 2008,
          "poblacion": 54600
        },
        {
          "anio": 2009,
          "poblacion": 55866
        },
        {
          "anio": 2010,
          "poblacion": 56189
        },
        {
          "anio": 2011,
          "poblacion": 56703
        },
        {
          "anio": 2012,
          "poblacion": 57032
        },
        {
          "anio": 2013,
          "poblacion": 56107
        },
        {
          "anio": 2014,
          "poblacion": 55738
        },
        {
          "anio": 2015,
          "poblacion": 55428
        },
        {
          "anio": 2016,
          "poblacion": 55102
        },
        {
          "anio": 2017,
          "poblacion": 54876
        },
        {
          "anio": 2018,
          "poblacion": 54898
        },
        {
          "anio": 2019,
          "poblacion": 54690
        },
        {
          "anio": 2020,
          "poblacion": 54621
        },
        {
          "anio": 2021,
          "poblacion": 53988
        }
      ],
      "foto": "cuenca.png"
    },
    {
      "id": "donostia",
      "nombre": "San Sebastián",
      "datos": [
        {
          "anio": 1998,
          "poblacion": 178229
        },
        {
          "anio": 1999,
          "poblacion": 179208
        },
        {
          "anio": 2000,
          "poblacion": 180277
        },
        {
          "anio": 2001,
          "poblacion": 181064
        },
        {
          "anio": 2002,
          "poblacion": 181700
        },
        {
          "anio": 2003,
          "poblacion": 181811
        },
        {
          "anio": 2004,
          "poblacion": 182644
        },
        {
          "anio": 2005,
          "poblacion": 182930
        },
        {
          "anio": 2006,
          "poblacion": 183308
        },
        {
          "anio": 2007,
          "poblacion": 183090
        },
        {
          "anio": 2008,
          "poblacion": 184248
        },
        {
          "anio": 2009,
          "poblacion": 185357
        },
        {
          "anio": 2010,
          "poblacion": 185506
        },
        {
          "anio": 2011,
          "poblacion": 186185
        },
        {
          "anio": 2012,
          "poblacion": 186409
        },
        {
          "anio": 2013,
          "poblacion": 186500
        },
        {
          "anio": 2014,
          "poblacion": 186126
        },
        {
          "anio": 2015,
          "poblacion": 186095
        },
        {
          "anio": 2016,
          "poblacion": 186064
        },
        {
          "anio": 2017,
          "poblacion": 186370
        },
        {
          "anio": 2018,
          "poblacion": 186665
        },
        {
          "anio": 2019,
          "poblacion": 187415
        },
        {
          "anio": 2020,
          "poblacion": 188240
        },
        {
          "anio": 2021,
          "poblacion": 188102
        }
      ],
      "foto": "donostia.png"
    },
    {
      "id": "girona",
      "nombre": "Gerona",
      "datos": [
        {
          "anio": 1998,
          "poblacion": 71858
        },
        {
          "anio": 1999,
          "poblacion": 72682
        },
        {
          "anio": 2000,
          "poblacion": 73637
        },
        {
          "anio": 2001,
          "poblacion": 75256
        },
        {
          "anio": 2002,
          "poblacion": 77475
        },
        {
          "anio": 2003,
          "poblacion": 81220
        },
        {
          "anio": 2004,
          "poblacion": 83531
        },
        {
          "anio": 2005,
          "poblacion": 86672
        },
        {
          "anio": 2006,
          "poblacion": 89890
        },
        {
          "anio": 2007,
          "poblacion": 92186
        },
        {
          "anio": 2008,
          "poblacion": 94484
        },
        {
          "anio": 2009,
          "poblacion": 96188
        },
        {
          "anio": 2010,
          "poblacion": 96236
        },
        {
          "anio": 2011,
          "poblacion": 96722
        },
        {
          "anio": 2012,
          "poblacion": 97198
        },
        {
          "anio": 2013,
          "poblacion": 97292
        },
        {
          "anio": 2014,
          "poblacion": 97227
        },
        {
          "anio": 2015,
          "poblacion": 97586
        },
        {
          "anio": 2016,
          "poblacion": 98255
        },
        {
          "anio": 2017,
          "poblacion": 99013
        },
        {
          "anio": 2018,
          "poblacion": 100266
        },
        {
          "anio": 2019,
          "poblacion": 101852
        },
        {
          "anio": 2020,
          "poblacion": 103369
        },
        {
          "anio": 2021,
          "poblacion": 101932
        }
      ],
      "foto": "girona.png"
    },
    {
      "id": "granada",
      "nombre": "Granada",
      "datos": [
        {
          "anio": 1998,
          "poblacion": 241471
        },
        {
          "anio": 1999,
          "poblacion": 244767
        },
        {
          "anio": 2000,
          "poblacion": 244486
        },
        {
          "anio": 2001,
          "poblacion": 243341
        },
        {
          "anio": 2002,
          "poblacion": 240522
        },
        {
          "anio": 2003,
          "poblacion": 237663
        },
        {
          "anio": 2004,
          "poblacion": 238292
        },
        {
          "anio": 2005,
          "poblacion": 236982
        },
        {
          "anio": 2006,
          "poblacion": 237929
        },
        {
          "anio": 2007,
          "poblacion": 236207
        },
        {
          "anio": 2008,
          "poblacion": 236988
        },
        {
          "anio": 2009,
          "poblacion": 234325
        },
        {
          "anio": 2010,
          "poblacion": 239154
        },
        {
          "anio": 2011,
          "poblacion": 240099
        },
        {
          "anio": 2012,
          "poblacion": 239017
        },
        {
          "anio": 2013,
          "poblacion": 237818
        },
        {
          "anio": 2014,
          "poblacion": 237540
        },
        {
          "anio": 2015,
          "poblacion": 235800
        },
        {
          "anio": 2016,
          "poblacion": 234758
        },
        {
          "anio": 2017,
          "poblacion": 232770
        },
        {
          "anio": 2018,
          "poblacion": 232208
        },
        {
          "anio": 2019,
          "poblacion": 232462
        },
        {
          "anio": 2020,
          "poblacion": 233648
        },
        {
          "anio": 2021,
          "poblacion": 231775
        }
      ],
      "foto": "granada.png"
    },
    {
      "id": "guadalajara",
      "nombre": "Guadalajara",
      "datos": [
        {
          "anio": 1998,
          "poblacion": 68721
        },
        {
          "anio": 1999,
          "poblacion": 69959
        },
        {
          "anio": 2000,
          "poblacion": 66103
        },
        {
          "anio": 2001,
          "poblacion": 67640
        },
        {
          "anio": 2002,
          "poblacion": 69098
        },
        {
          "anio": 2003,
          "poblacion": 70732
        },
        {
          "anio": 2004,
          "poblacion": 71815
        },
        {
          "anio": 2005,
          "poblacion": 73719
        },
        {
          "anio": 2006,
          "poblacion": 75493
        },
        {
          "anio": 2007,
          "poblacion": 77925
        },
        {
          "anio": 2008,
          "poblacion": 81221
        },
        {
          "anio": 2009,
          "poblacion": 83039
        },
        {
          "anio": 2010,
          "poblacion": 83789
        },
        {
          "anio": 2011,
          "poblacion": 84453
        },
        {
          "anio": 2012,
          "poblacion": 84803
        },
        {
          "anio": 2013,
          "poblacion": 84504
        },
        {
          "anio": 2014,
          "poblacion": 83720
        },
        {
          "anio": 2015,
          "poblacion": 83391
        },
        {
          "anio": 2016,
          "poblacion": 83633
        },
        {
          "anio": 2017,
          "poblacion": 84145
        },
        {
          "anio": 2018,
          "poblacion": 84910
        },
        {
          "anio": 2019,
          "poblacion": 85871
        },
        {
          "anio": 2020,
          "poblacion": 87484
        },
        {
          "anio": 2021,
          "poblacion": 87064
        }
      ],
      "foto": "guadalajara.png"
    },
    {
      "id": "huelva",
      "nombre": "Huelva",
      "datos": [
        {
          "anio": 1998,
          "poblacion": 139991
        },
        {
          "anio": 1999,
          "poblacion": 140583
        },
        {
          "anio": 2000,
          "poblacion": 140985
        },
        {
          "anio": 2001,
          "poblacion": 141334
        },
        {
          "anio": 2002,
          "poblacion": 140862
        },
        {
          "anio": 2003,
          "poblacion": 144831
        },
        {
          "anio": 2004,
          "poblacion": 144369
        },
        {
          "anio": 2005,
          "poblacion": 145150
        },
        {
          "anio": 2006,
          "poblacion": 145763
        },
        {
          "anio": 2007,
          "poblacion": 146173
        },
        {
          "anio": 2008,
          "poblacion": 148027
        },
        {
          "anio": 2009,
          "poblacion": 148806
        },
        {
          "anio": 2010,
          "poblacion": 149310
        },
        {
          "anio": 2011,
          "poblacion": 148918
        },
        {
          "anio": 2012,
          "poblacion": 148568
        },
        {
          "anio": 2013,
          "poblacion": 148101
        },
        {
          "anio": 2014,
          "poblacion": 147212
        },
        {
          "anio": 2015,
          "poblacion": 146318
        },
        {
          "anio": 2016,
          "poblacion": 145468
        },
        {
          "anio": 2017,
          "poblacion": 145115
        },
        {
          "anio": 2018,
          "poblacion": 144258
        },
        {
          "anio": 2019,
          "poblacion": 143663
        },
        {
          "anio": 2020,
          "poblacion": 143837
        },
        {
          "anio": 2021,
          "poblacion": 142538
        }
      ],
      "foto": "huelva.png"
    },
    {
      "id": "huesca",
      "nombre": "Huesca",
      "datos": [
        {
          "anio": 1998,
          "poblacion": 45485
        },
        {
          "anio": 1999,
          "poblacion": 45627
        },
        {
          "anio": 2000,
          "poblacion": 45653
        },
        {
          "anio": 2001,
          "poblacion": 45874
        },
        {
          "anio": 2002,
          "poblacion": 46462
        },
        {
          "anio": 2003,
          "poblacion": 47609
        },
        {
          "anio": 2004,
          "poblacion": 47923
        },
        {
          "anio": 2005,
          "poblacion": 48530
        },
        {
          "anio": 2006,
          "poblacion": 49312
        },
        {
          "anio": 2007,
          "poblacion": 49819
        },
        {
          "anio": 2008,
          "poblacion": 51117
        },
        {
          "anio": 2009,
          "poblacion": 52059
        },
        {
          "anio": 2010,
          "poblacion": 52347
        },
        {
          "anio": 2011,
          "poblacion": 52443
        },
        {
          "anio": 2012,
          "poblacion": 52296
        },
        {
          "anio": 2013,
          "poblacion": 52418
        },
        {
          "anio": 2014,
          "poblacion": 52555
        },
        {
          "anio": 2015,
          "poblacion": 52239
        },
        {
          "anio": 2016,
          "poblacion": 52282
        },
        {
          "anio": 2017,
          "poblacion": 52223
        },
        {
          "anio": 2018,
          "poblacion": 52463
        },
        {
          "anio": 2019,
          "poblacion": 53132
        },
        {
          "anio": 2020,
          "poblacion": 53956
        },
        {
          "anio": 2021,
          "poblacion": 53429
        }
      ],
      "foto": "huesca.png"
    },
    {
      "id": "jaen",
      "nombre": "Jaén",
      "datos": [
        {
          "anio": 1998,
          "poblacion": 107184
        },
        {
          "anio": 1999,
          "poblacion": 109247
        },
        {
          "anio": 2000,
          "poblacion": 110781
        },
        {
          "anio": 2001,
          "poblacion": 111406
        },
        {
          "anio": 2002,
          "poblacion": 112921
        },
        {
          "anio": 2003,
          "poblacion": 115638
        },
        {
          "anio": 2004,
          "poblacion": 115917
        },
        {
          "anio": 2005,
          "poblacion": 116540
        },
        {
          "anio": 2006,
          "poblacion": 116769
        },
        {
          "anio": 2007,
          "poblacion": 116393
        },
        {
          "anio": 2008,
          "poblacion": 116417
        },
        {
          "anio": 2009,
          "poblacion": 116557
        },
        {
          "anio": 2010,
          "poblacion": 116790
        },
        {
          "anio": 2011,
          "poblacion": 116781
        },
        {
          "anio": 2012,
          "poblacion": 116731
        },
        {
          "anio": 2013,
          "poblacion": 116176
        },
        {
          "anio": 2014,
          "poblacion": 115837
        },
        {
          "anio": 2015,
          "poblacion": 115395
        },
        {
          "anio": 2016,
          "poblacion": 114658
        },
        {
          "anio": 2017,
          "poblacion": 114238
        },
        {
          "anio": 2018,
          "poblacion": 113457
        },
        {
          "anio": 2019,
          "poblacion": 112999
        },
        {
          "anio": 2020,
          "poblacion": 112757
        },
        {
          "anio": 2021,
          "poblacion": 111932
        }
      ],
      "foto": "jaen.png"
    },
    {
      "id": "leon",
      "nombre": "León",
      "datos": [
        {
          "anio": 1998,
          "poblacion": 139809
        },
        {
          "anio": 1999,
          "poblacion": 139809
        },
        {
          "anio": 2000,
          "poblacion": 138006
        },
        {
          "anio": 2001,
          "poblacion": 137384
        },
        {
          "anio": 2002,
          "poblacion": 135794
        },
        {
          "anio": 2003,
          "poblacion": 135634
        },
        {
          "anio": 2004,
          "poblacion": 135789
        },
        {
          "anio": 2005,
          "poblacion": 136414
        },
        {
          "anio": 2006,
          "poblacion": 136985
        },
        {
          "anio": 2007,
          "poblacion": 135059
        },
        {
          "anio": 2008,
          "poblacion": 135119
        },
        {
          "anio": 2009,
          "poblacion": 134305
        },
        {
          "anio": 2010,
          "poblacion": 134012
        },
        {
          "anio": 2011,
          "poblacion": 132744
        },
        {
          "anio": 2012,
          "poblacion": 131680
        },
        {
          "anio": 2013,
          "poblacion": 130601
        },
        {
          "anio": 2014,
          "poblacion": 129551
        },
        {
          "anio": 2015,
          "poblacion": 127817
        },
        {
          "anio": 2016,
          "poblacion": 126192
        },
        {
          "anio": 2017,
          "poblacion": 125317
        },
        {
          "anio": 2018,
          "poblacion": 124772
        },
        {
          "anio": 2019,
          "poblacion": 124303
        },
        {
          "anio": 2020,
          "poblacion": 124028
        },
        {
          "anio": 2021,
          "poblacion": 122051
        }
      ],
      "foto": "leon.png"
    },
    {
      "id": "lleida",
      "nombre": "Lérida",
      "datos": [
        {
          "anio": 1998,
          "poblacion": 112207
        },
        {
          "anio": 1999,
          "poblacion": 112207
        },
        {
          "anio": 2000,
          "poblacion": 112194
        },
        {
          "anio": 2001,
          "poblacion": 113040
        },
        {
          "anio": 2002,
          "poblacion": 115000
        },
        {
          "anio": 2003,
          "poblacion": 118035
        },
        {
          "anio": 2004,
          "poblacion": 119935
        },
        {
          "anio": 2005,
          "poblacion": 124709
        },
        {
          "anio": 2006,
          "poblacion": 125677
        },
        {
          "anio": 2007,
          "poblacion": 127314
        },
        {
          "anio": 2008,
          "poblacion": 131731
        },
        {
          "anio": 2009,
          "poblacion": 135919
        },
        {
          "anio": 2010,
          "poblacion": 137387
        },
        {
          "anio": 2011,
          "poblacion": 138416
        },
        {
          "anio": 2012,
          "poblacion": 139834
        },
        {
          "anio": 2013,
          "poblacion": 139809
        },
        {
          "anio": 2014,
          "poblacion": 139176
        },
        {
          "anio": 2015,
          "poblacion": 138542
        },
        {
          "anio": 2016,
          "poblacion": 138144
        },
        {
          "anio": 2017,
          "poblacion": 137327
        },
        {
          "anio": 2018,
          "poblacion": 137856
        },
        {
          "anio": 2019,
          "poblacion": 138956
        },
        {
          "anio": 2020,
          "poblacion": 140403
        },
        {
          "anio": 2021,
          "poblacion": 140080
        }
      ],
      "foto": "lleida.png"
    },
    {
      "id": "logronio",
      "nombre": "Logroño",
      "datos": [
        {
          "anio": 1998,
          "poblacion": 125617
        },
        {
          "anio": 1999,
          "poblacion": 127093
        },
        {
          "anio": 2000,
          "poblacion": 128493
        },
        {
          "anio": 2001,
          "poblacion": 131655
        },
        {
          "anio": 2002,
          "poblacion": 136841
        },
        {
          "anio": 2003,
          "poblacion": 139615
        },
        {
          "anio": 2004,
          "poblacion": 141568
        },
        {
          "anio": 2005,
          "poblacion": 144935
        },
        {
          "anio": 2006,
          "poblacion": 147036
        },
        {
          "anio": 2007,
          "poblacion": 145866
        },
        {
          "anio": 2008,
          "poblacion": 150071
        },
        {
          "anio": 2009,
          "poblacion": 152107
        },
        {
          "anio": 2010,
          "poblacion": 152650
        },
        {
          "anio": 2011,
          "poblacion": 152641
        },
        {
          "anio": 2012,
          "poblacion": 153402
        },
        {
          "anio": 2013,
          "poblacion": 153066
        },
        {
          "anio": 2014,
          "poblacion": 151962
        },
        {
          "anio": 2015,
          "poblacion": 151344
        },
        {
          "anio": 2016,
          "poblacion": 150876
        },
        {
          "anio": 2017,
          "poblacion": 150979
        },
        {
          "anio": 2018,
          "poblacion": 151113
        },
        {
          "anio": 2019,
          "poblacion": 151136
        },
        {
          "anio": 2020,
          "poblacion": 152485
        },
        {
          "anio": 2021,
          "poblacion": 150808
        }
      ],
      "foto": "logronio.png"
    },
    {
      "id": "lugo",
      "nombre": "Lugo",
      "datos": [
        {
          "anio": 1998,
          "poblacion": 86620
        },
        {
          "anio": 1999,
          "poblacion": 87480
        },
        {
          "anio": 2000,
          "poblacion": 88235
        },
        {
          "anio": 2001,
          "poblacion": 88901
        },
        {
          "anio": 2002,
          "poblacion": 89509
        },
        {
          "anio": 2003,
          "poblacion": 91158
        },
        {
          "anio": 2004,
          "poblacion": 91426
        },
        {
          "anio": 2005,
          "poblacion": 92271
        },
        {
          "anio": 2006,
          "poblacion": 93450
        },
        {
          "anio": 2007,
          "poblacion": 93853
        },
        {
          "anio": 2008,
          "poblacion": 95416
        },
        {
          "anio": 2009,
          "poblacion": 96678
        },
        {
          "anio": 2010,
          "poblacion": 97635
        },
        {
          "anio": 2011,
          "poblacion": 98007
        },
        {
          "anio": 2012,
          "poblacion": 98457
        },
        {
          "anio": 2013,
          "poblacion": 98761
        },
        {
          "anio": 2014,
          "poblacion": 98560
        },
        {
          "anio": 2015,
          "poblacion": 98134
        },
        {
          "anio": 2016,
          "poblacion": 98268
        },
        {
          "anio": 2017,
          "poblacion": 97995
        },
        {
          "anio": 2018,
          "poblacion": 98025
        },
        {
          "anio": 2019,
          "poblacion": 98276
        },
        {
          "anio": 2020,
          "poblacion": 98519
        },
        {
          "anio": 2021,
          "poblacion": 97613
        }
      ],
      "foto": "lugo.png"
    },
    {
      "id": "madrid",
      "nombre": "Madrid2",
      "datos": {
        "0": {
          "poblacion": 10,
          "anio": 2900
        }
      },
      "foto": "madrid.png"
    },
    {
      "id": "malaga",
      "nombre": "Málaga",
      "datos": [
        {
          "anio": 1998,
          "poblacion": 528079
        },
        {
          "anio": 1999,
          "poblacion": 530553
        },
        {
          "anio": 2000,
          "poblacion": 531565
        },
        {
          "anio": 2001,
          "poblacion": 534207
        },
        {
          "anio": 2002,
          "poblacion": 535686
        },
        {
          "anio": 2003,
          "poblacion": 547105
        },
        {
          "anio": 2004,
          "poblacion": 547731
        },
        {
          "anio": 2005,
          "poblacion": 558287
        },
        {
          "anio": 2006,
          "poblacion": 560631
        },
        {
          "anio": 2007,
          "poblacion": 561250
        },
        {
          "anio": 2008,
          "poblacion": 566447
        },
        {
          "anio": 2009,
          "poblacion": 568305
        },
        {
          "anio": 2010,
          "poblacion": 568507
        },
        {
          "anio": 2011,
          "poblacion": 568030
        },
        {
          "anio": 2012,
          "poblacion": 567433
        },
        {
          "anio": 2013,
          "poblacion": 568479
        },
        {
          "anio": 2014,
          "poblacion": 566913
        },
        {
          "anio": 2015,
          "poblacion": 569130
        },
        {
          "anio": 2016,
          "poblacion": 569009
        },
        {
          "anio": 2017,
          "poblacion": 569002
        },
        {
          "anio": 2018,
          "poblacion": 571026
        },
        {
          "anio": 2019,
          "poblacion": 574654
        },
        {
          "anio": 2020,
          "poblacion": 578460
        },
        {
          "anio": 2021,
          "poblacion": 577405
        }
      ],
      "foto": "malaga.png"
    },
    {
      "id": "murcia",
      "nombre": "Murcia",
      "datos": [
        {
          "anio": 1998,
          "poblacion": 349040
        },
        {
          "anio": 1999,
          "poblacion": 353504
        },
        {
          "anio": 2000,
          "poblacion": 357166
        },
        {
          "anio": 2001,
          "poblacion": 367189
        },
        {
          "anio": 2002,
          "poblacion": 377888
        },
        {
          "anio": 2003,
          "poblacion": 391146
        },
        {
          "anio": 2004,
          "poblacion": 398815
        },
        {
          "anio": 2005,
          "poblacion": 409810
        },
        {
          "anio": 2006,
          "poblacion": 416996
        },
        {
          "anio": 2007,
          "poblacion": 422861
        },
        {
          "anio": 2008,
          "poblacion": 430571
        },
        {
          "anio": 2009,
          "poblacion": 436870
        },
        {
          "anio": 2010,
          "poblacion": 441345
        },
        {
          "anio": 2011,
          "poblacion": 442203
        },
        {
          "anio": 2012,
          "poblacion": 441354
        },
        {
          "anio": 2013,
          "poblacion": 438246
        },
        {
          "anio": 2014,
          "poblacion": 439712
        },
        {
          "anio": 2015,
          "poblacion": 439889
        },
        {
          "anio": 2016,
          "poblacion": 441003
        },
        {
          "anio": 2017,
          "poblacion": 443243
        },
        {
          "anio": 2018,
          "poblacion": 447182
        },
        {
          "anio": 2019,
          "poblacion": 453258
        },
        {
          "anio": 2020,
          "poblacion": 459403
        },
        {
          "anio": 2021,
          "poblacion": 460349
        }
      ],
      "foto": "murcia.png"
    },
    {
      "id": "ourense",
      "nombre": "Orense",
      "datos": [
        {
          "anio": 1998,
          "poblacion": 107965
        },
        {
          "anio": 1999,
          "poblacion": 109120
        },
        {
          "anio": 2000,
          "poblacion": 108647
        },
        {
          "anio": 2001,
          "poblacion": 109051
        },
        {
          "anio": 2002,
          "poblacion": 109011
        },
        {
          "anio": 2003,
          "poblacion": 109475
        },
        {
          "anio": 2004,
          "poblacion": 108600
        },
        {
          "anio": 2005,
          "poblacion": 108358
        },
        {
          "anio": 2006,
          "poblacion": 108137
        },
        {
          "anio": 2007,
          "poblacion": 107186
        },
        {
          "anio": 2008,
          "poblacion": 107057
        },
        {
          "anio": 2009,
          "poblacion": 107742
        },
        {
          "anio": 2010,
          "poblacion": 108673
        },
        {
          "anio": 2011,
          "poblacion": 108002
        },
        {
          "anio": 2012,
          "poblacion": 107597
        },
        {
          "anio": 2013,
          "poblacion": 107542
        },
        {
          "anio": 2014,
          "poblacion": 106905
        },
        {
          "anio": 2015,
          "poblacion": 106231
        },
        {
          "anio": 2016,
          "poblacion": 105893
        },
        {
          "anio": 2017,
          "poblacion": 105636
        },
        {
          "anio": 2018,
          "poblacion": 105505
        },
        {
          "anio": 2019,
          "poblacion": 105233
        },
        {
          "anio": 2020,
          "poblacion": 105643
        },
        {
          "anio": 2021,
          "poblacion": 104596
        }
      ],
      "foto": "ourense.png"
    },
    {
      "id": "oviedo",
      "nombre": "Oviedo",
      "datos": [
        {
          "anio": 1998,
          "poblacion": 199549
        },
        {
          "anio": 1999,
          "poblacion": 200453
        },
        {
          "anio": 2000,
          "poblacion": 200411
        },
        {
          "anio": 2001,
          "poblacion": 201005
        },
        {
          "anio": 2002,
          "poblacion": 202938
        },
        {
          "anio": 2003,
          "poblacion": 207699
        },
        {
          "anio": 2004,
          "poblacion": 209495
        },
        {
          "anio": 2005,
          "poblacion": 212174
        },
        {
          "anio": 2006,
          "poblacion": 214883
        },
        {
          "anio": 2007,
          "poblacion": 216607
        },
        {
          "anio": 2008,
          "poblacion": 220644
        },
        {
          "anio": 2009,
          "poblacion": 224005
        },
        {
          "anio": 2010,
          "poblacion": 225155
        },
        {
          "anio": 2011,
          "poblacion": 225391
        },
        {
          "anio": 2012,
          "poblacion": 225973
        },
        {
          "anio": 2013,
          "poblacion": 225089
        },
        {
          "anio": 2014,
          "poblacion": 223765
        },
        {
          "anio": 2015,
          "poblacion": 221870
        },
        {
          "anio": 2016,
          "poblacion": 220567
        },
        {
          "anio": 2017,
          "poblacion": 220301
        },
        {
          "anio": 2018,
          "poblacion": 220020
        },
        {
          "anio": 2019,
          "poblacion": 219686
        },
        {
          "anio": 2020,
          "poblacion": 219910
        },
        {
          "anio": 2021,
          "poblacion": 217552
        }
      ],
      "foto": "oviedo.png"
    },
    {
      "id": "palencia",
      "nombre": "Palencia",
      "datos": [
        {
          "anio": 1998,
          "poblacion": 79745
        },
        {
          "anio": 1999,
          "poblacion": 80332
        },
        {
          "anio": 2000,
          "poblacion": 80613
        },
        {
          "anio": 2001,
          "poblacion": 80836
        },
        {
          "anio": 2002,
          "poblacion": 80801
        },
        {
          "anio": 2003,
          "poblacion": 81378
        },
        {
          "anio": 2004,
          "poblacion": 81207
        },
        {
          "anio": 2005,
          "poblacion": 81439
        },
        {
          "anio": 2006,
          "poblacion": 82263
        },
        {
          "anio": 2007,
          "poblacion": 82286
        },
        {
          "anio": 2008,
          "poblacion": 82626
        },
        {
          "anio": 2009,
          "poblacion": 82651
        },
        {
          "anio": 2010,
          "poblacion": 82169
        },
        {
          "anio": 2011,
          "poblacion": 81552
        },
        {
          "anio": 2012,
          "poblacion": 81198
        },
        {
          "anio": 2013,
          "poblacion": 80649
        },
        {
          "anio": 2014,
          "poblacion": 80178
        },
        {
          "anio": 2015,
          "poblacion": 79595
        },
        {
          "anio": 2016,
          "poblacion": 79137
        },
        {
          "anio": 2017,
          "poblacion": 78892
        },
        {
          "anio": 2018,
          "poblacion": 78629
        },
        {
          "anio": 2019,
          "poblacion": 78412
        },
        {
          "anio": 2020,
          "poblacion": 78144
        },
        {
          "anio": 2021,
          "poblacion": 77090
        }
      ],
      "foto": "palencia.png"
    },
    {
      "id": "palma",
      "nombre": "Palma de Mallorca",
      "datos": [
        {
          "anio": 1998,
          "poblacion": 319181
        },
        {
          "anio": 1999,
          "poblacion": 326993
        },
        {
          "anio": 2000,
          "poblacion": 333925
        },
        {
          "anio": 2001,
          "poblacion": 346720
        },
        {
          "anio": 2002,
          "poblacion": 358462
        },
        {
          "anio": 2003,
          "poblacion": 367277
        },
        {
          "anio": 2004,
          "poblacion": 368974
        },
        {
          "anio": 2005,
          "poblacion": 375773
        },
        {
          "anio": 2006,
          "poblacion": 375048
        },
        {
          "anio": 2007,
          "poblacion": 383107
        },
        {
          "anio": 2008,
          "poblacion": 396570
        },
        {
          "anio": 2009,
          "poblacion": 401270
        },
        {
          "anio": 2010,
          "poblacion": 404681
        },
        {
          "anio": 2011,
          "poblacion": 405318
        },
        {
          "anio": 2012,
          "poblacion": 407648
        },
        {
          "anio": 2013,
          "poblacion": 398162
        },
        {
          "anio": 2014,
          "poblacion": 399093
        },
        {
          "anio": 2015,
          "poblacion": 400578
        },
        {
          "anio": 2016,
          "poblacion": 402949
        },
        {
          "anio": 2017,
          "poblacion": 406492
        },
        {
          "anio": 2018,
          "poblacion": 409661
        },
        {
          "anio": 2019,
          "poblacion": 416065
        },
        {
          "anio": 2020,
          "poblacion": 422587
        },
        {
          "anio": 2021,
          "poblacion": 419366
        }
      ],
      "foto": "palma.png"
    },
    {
      "id": "las_palmas",
      "nombre": "Las Palmas de Gran Canaria",
      "datos": [
        {
          "anio": 1998,
          "poblacion": 352641
        },
        {
          "anio": 1999,
          "poblacion": 354757
        },
        {
          "anio": 2000,
          "poblacion": 358518
        },
        {
          "anio": 2001,
          "poblacion": 364777
        },
        {
          "anio": 2002,
          "poblacion": 370649
        },
        {
          "anio": 2003,
          "poblacion": 377600
        },
        {
          "anio": 2004,
          "poblacion": 376953
        },
        {
          "anio": 2005,
          "poblacion": 378628
        },
        {
          "anio": 2006,
          "poblacion": 377056
        },
        {
          "anio": 2007,
          "poblacion": 377203
        },
        {
          "anio": 2008,
          "poblacion": 381123
        },
        {
          "anio": 2009,
          "poblacion": 381847
        },
        {
          "anio": 2010,
          "poblacion": 383308
        },
        {
          "anio": 2011,
          "poblacion": 383343
        },
        {
          "anio": 2012,
          "poblacion": 382296
        },
        {
          "anio": 2013,
          "poblacion": 383050
        },
        {
          "anio": 2014,
          "poblacion": 382283
        },
        {
          "anio": 2015,
          "poblacion": 379766
        },
        {
          "anio": 2016,
          "poblacion": 378998
        },
        {
          "anio": 2017,
          "poblacion": 377650
        },
        {
          "anio": 2018,
          "poblacion": 378517
        },
        {
          "anio": 2019,
          "poblacion": 379925
        },
        {
          "anio": 2020,
          "poblacion": 381223
        },
        {
          "anio": 2021,
          "poblacion": 378675
        }
      ],
      "foto": "las_palmas.png"
    },
    {
      "id": "pamplona",
      "nombre": "Pamplona",
      "datos": [
        {
          "anio": 1998,
          "poblacion": 171150
        },
        {
          "anio": 1999,
          "poblacion": 180483
        },
        {
          "anio": 2000,
          "poblacion": 182666
        },
        {
          "anio": 2001,
          "poblacion": 186245
        },
        {
          "anio": 2002,
          "poblacion": 189364
        },
        {
          "anio": 2003,
          "poblacion": 190937
        },
        {
          "anio": 2004,
          "poblacion": 191865
        },
        {
          "anio": 2005,
          "poblacion": 193328
        },
        {
          "anio": 2006,
          "poblacion": 195769
        },
        {
          "anio": 2007,
          "poblacion": 194894
        },
        {
          "anio": 2008,
          "poblacion": 197275
        },
        {
          "anio": 2009,
          "poblacion": 198491
        },
        {
          "anio": 2010,
          "poblacion": 197488
        },
        {
          "anio": 2011,
          "poblacion": 197932
        },
        {
          "anio": 2012,
          "poblacion": 197604
        },
        {
          "anio": 2013,
          "poblacion": 196955
        },
        {
          "anio": 2014,
          "poblacion": 196166
        },
        {
          "anio": 2015,
          "poblacion": 195853
        },
        {
          "anio": 2016,
          "poblacion": 195650
        },
        {
          "anio": 2017,
          "poblacion": 197138
        },
        {
          "anio": 2018,
          "poblacion": 199066
        },
        {
          "anio": 2019,
          "poblacion": 201653
        },
        {
          "anio": 2020,
          "poblacion": 203944
        },
        {
          "anio": 2021,
          "poblacion": 203081
        }
      ],
      "foto": "pamplona.png"
    },
    {
      "id": "pontevedra",
      "nombre": "Pontevedra",
      "datos": [
        {
          "anio": 1998,
          "poblacion": 73871
        },
        {
          "anio": 1999,
          "poblacion": 74139
        },
        {
          "anio": 2000,
          "poblacion": 75212
        },
        {
          "anio": 2001,
          "poblacion": 75864
        },
        {
          "anio": 2002,
          "poblacion": 76798
        },
        {
          "anio": 2003,
          "poblacion": 77993
        },
        {
          "anio": 2004,
          "poblacion": 78715
        },
        {
          "anio": 2005,
          "poblacion": 79372
        },
        {
          "anio": 2006,
          "poblacion": 80096
        },
        {
          "anio": 2007,
          "poblacion": 80202
        },
        {
          "anio": 2008,
          "poblacion": 80749
        },
        {
          "anio": 2009,
          "poblacion": 81576
        },
        {
          "anio": 2010,
          "poblacion": 81981
        },
        {
          "anio": 2011,
          "poblacion": 82400
        },
        {
          "anio": 2012,
          "poblacion": 82684
        },
        {
          "anio": 2013,
          "poblacion": 82934
        },
        {
          "anio": 2014,
          "poblacion": 82946
        },
        {
          "anio": 2015,
          "poblacion": 82539
        },
        {
          "anio": 2016,
          "poblacion": 82549
        },
        {
          "anio": 2017,
          "poblacion": 82671
        },
        {
          "anio": 2018,
          "poblacion": 82802
        },
        {
          "anio": 2019,
          "poblacion": 83029
        },
        {
          "anio": 2020,
          "poblacion": 83260
        },
        {
          "anio": 2021,
          "poblacion": 83114
        }
      ],
      "foto": "pontevedra.png"
    },
    {
      "id": "salamanca",
      "nombre": "Salamanca",
      "datos": [
        {
          "anio": 1998,
          "poblacion": 158457
        },
        {
          "anio": 1999,
          "poblacion": 158720
        },
        {
          "anio": 2000,
          "poblacion": 158556
        },
        {
          "anio": 2001,
          "poblacion": 158523
        },
        {
          "anio": 2002,
          "poblacion": 156006
        },
        {
          "anio": 2003,
          "poblacion": 157906
        },
        {
          "anio": 2004,
          "poblacion": 160415
        },
        {
          "anio": 2005,
          "poblacion": 160331
        },
        {
          "anio": 2006,
          "poblacion": 159754
        },
        {
          "anio": 2007,
          "poblacion": 155921
        },
        {
          "anio": 2008,
          "poblacion": 155740
        },
        {
          "anio": 2009,
          "poblacion": 155619
        },
        {
          "anio": 2010,
          "poblacion": 154462
        },
        {
          "anio": 2011,
          "poblacion": 153472
        },
        {
          "anio": 2012,
          "poblacion": 152048
        },
        {
          "anio": 2013,
          "poblacion": 149528
        },
        {
          "anio": 2014,
          "poblacion": 148042
        },
        {
          "anio": 2015,
          "poblacion": 146438
        },
        {
          "anio": 2016,
          "poblacion": 144949
        },
        {
          "anio": 2017,
          "poblacion": 144436
        },
        {
          "anio": 2018,
          "poblacion": 143978
        },
        {
          "anio": 2019,
          "poblacion": 144228
        },
        {
          "anio": 2020,
          "poblacion": 144825
        },
        {
          "anio": 2021,
          "poblacion": 143269
        }
      ],
      "foto": "salamanca.png"
    },
    {
      "id": "santa_cruz",
      "nombre": "Santa Cruz de Tenerife",
      "datos": [
        {
          "anio": 1998,
          "poblacion": 211930
        },
        {
          "anio": 1999,
          "poblacion": 213050
        },
        {
          "anio": 2000,
          "poblacion": 215132
        },
        {
          "anio": 2001,
          "poblacion": 214153
        },
        {
          "anio": 2002,
          "poblacion": 217415
        },
        {
          "anio": 2003,
          "poblacion": 220022
        },
        {
          "anio": 2004,
          "poblacion": 219446
        },
        {
          "anio": 2005,
          "poblacion": 221567
        },
        {
          "anio": 2006,
          "poblacion": 223148
        },
        {
          "anio": 2007,
          "poblacion": 220902
        },
        {
          "anio": 2008,
          "poblacion": 221956
        },
        {
          "anio": 2009,
          "poblacion": 222417
        },
        {
          "anio": 2010,
          "poblacion": 222643
        },
        {
          "anio": 2011,
          "poblacion": 222271
        },
        {
          "anio": 2012,
          "poblacion": 206965
        },
        {
          "anio": 2013,
          "poblacion": 206593
        },
        {
          "anio": 2014,
          "poblacion": 205279
        },
        {
          "anio": 2015,
          "poblacion": 203811
        },
        {
          "anio": 2016,
          "poblacion": 203585
        },
        {
          "anio": 2017,
          "poblacion": 203692
        },
        {
          "anio": 2018,
          "poblacion": 204856
        },
        {
          "anio": 2019,
          "poblacion": 207312
        },
        {
          "anio": 2020,
          "poblacion": 209194
        },
        {
          "anio": 2021,
          "poblacion": 208563
        }
      ],
      "foto": "santa_cruz.png"
    },
    {
      "id": "santander",
      "nombre": "Santander",
      "datos": [
        {
          "anio": 1998,
          "poblacion": 184165
        },
        {
          "anio": 1999,
          "poblacion": 184165
        },
        {
          "anio": 2000,
          "poblacion": 184264
        },
        {
          "anio": 2001,
          "poblacion": 185231
        },
        {
          "anio": 2002,
          "poblacion": 184661
        },
        {
          "anio": 2003,
          "poblacion": 184778
        },
        {
          "anio": 2004,
          "poblacion": 183799
        },
        {
          "anio": 2005,
          "poblacion": 183955
        },
        {
          "anio": 2006,
          "poblacion": 182926
        },
        {
          "anio": 2007,
          "poblacion": 181802
        },
        {
          "anio": 2008,
          "poblacion": 182302
        },
        {
          "anio": 2009,
          "poblacion": 182700
        },
        {
          "anio": 2010,
          "poblacion": 181589
        },
        {
          "anio": 2011,
          "poblacion": 179921
        },
        {
          "anio": 2012,
          "poblacion": 178465
        },
        {
          "anio": 2013,
          "poblacion": 177123
        },
        {
          "anio": 2014,
          "poblacion": 175736
        },
        {
          "anio": 2015,
          "poblacion": 173957
        },
        {
          "anio": 2016,
          "poblacion": 172656
        },
        {
          "anio": 2017,
          "poblacion": 171951
        },
        {
          "anio": 2018,
          "poblacion": 172044
        },
        {
          "anio": 2019,
          "poblacion": 172539
        },
        {
          "anio": 2020,
          "poblacion": 173375
        },
        {
          "anio": 2021,
          "poblacion": 172221
        }
      ],
      "foto": "santander.png"
    },
    {
      "id": "segovia",
      "nombre": "Segovia",
      "datos": [
        {
          "anio": 1998,
          "poblacion": 54012
        },
        {
          "anio": 1999,
          "poblacion": 54175
        },
        {
          "anio": 2000,
          "poblacion": 54034
        },
        {
          "anio": 2001,
          "poblacion": 54039
        },
        {
          "anio": 2002,
          "poblacion": 54945
        },
        {
          "anio": 2003,
          "poblacion": 55640
        },
        {
          "anio": 2004,
          "poblacion": 55586
        },
        {
          "anio": 2005,
          "poblacion": 55942
        },
        {
          "anio": 2006,
          "poblacion": 55476
        },
        {
          "anio": 2007,
          "poblacion": 56047
        },
        {
          "anio": 2008,
          "poblacion": 56858
        },
        {
          "anio": 2009,
          "poblacion": 56660
        },
        {
          "anio": 2010,
          "poblacion": 55748
        },
        {
          "anio": 2011,
          "poblacion": 55220
        },
        {
          "anio": 2012,
          "poblacion": 54844
        },
        {
          "anio": 2013,
          "poblacion": 54309
        },
        {
          "anio": 2014,
          "poblacion": 53260
        },
        {
          "anio": 2015,
          "poblacion": 52728
        },
        {
          "anio": 2016,
          "poblacion": 52257
        },
        {
          "anio": 2017,
          "poblacion": 51756
        },
        {
          "anio": 2018,
          "poblacion": 51683
        },
        {
          "anio": 2019,
          "poblacion": 51674
        },
        {
          "anio": 2020,
          "poblacion": 52057
        },
        {
          "anio": 2021,
          "poblacion": 51258
        }
      ],
      "foto": "segovia.png"
    },
    {
      "id": "sevilla",
      "nombre": "Sevilla",
      "datos": [
        {
          "anio": 1998,
          "poblacion": 701927
        },
        {
          "anio": 1999,
          "poblacion": 701927
        },
        {
          "anio": 2000,
          "poblacion": 700716
        },
        {
          "anio": 2001,
          "poblacion": 702520
        },
        {
          "anio": 2002,
          "poblacion": 704114
        },
        {
          "anio": 2003,
          "poblacion": 709975
        },
        {
          "anio": 2004,
          "poblacion": 704203
        },
        {
          "anio": 2005,
          "poblacion": 704154
        },
        {
          "anio": 2006,
          "poblacion": 704414
        },
        {
          "anio": 2007,
          "poblacion": 699145
        },
        {
          "anio": 2008,
          "poblacion": 699759
        },
        {
          "anio": 2009,
          "poblacion": 703206
        },
        {
          "anio": 2010,
          "poblacion": 704198
        },
        {
          "anio": 2011,
          "poblacion": 703021
        },
        {
          "anio": 2012,
          "poblacion": 702355
        },
        {
          "anio": 2013,
          "poblacion": 700169
        },
        {
          "anio": 2014,
          "poblacion": 696676
        },
        {
          "anio": 2015,
          "poblacion": 693878
        },
        {
          "anio": 2016,
          "poblacion": 690566
        },
        {
          "anio": 2017,
          "poblacion": 689434
        },
        {
          "anio": 2018,
          "poblacion": 688711
        },
        {
          "anio": 2019,
          "poblacion": 688592
        },
        {
          "anio": 2020,
          "poblacion": 691395
        },
        {
          "anio": 2021,
          "poblacion": 684234
        }
      ],
      "foto": "sevilla.png"
    },
    {
      "id": "soria",
      "nombre": "Soria",
      "datos": [
        {
          "anio": 1998,
          "poblacion": 33882
        },
        {
          "anio": 1999,
          "poblacion": 34045
        },
        {
          "anio": 2000,
          "poblacion": 34088
        },
        {
          "anio": 2001,
          "poblacion": 34640
        },
        {
          "anio": 2002,
          "poblacion": 35112
        },
        {
          "anio": 2003,
          "poblacion": 35178
        },
        {
          "anio": 2004,
          "poblacion": 35769
        },
        {
          "anio": 2005,
          "poblacion": 37200
        },
        {
          "anio": 2006,
          "poblacion": 38004
        },
        {
          "anio": 2007,
          "poblacion": 38205
        },
        {
          "anio": 2008,
          "poblacion": 39078
        },
        {
          "anio": 2009,
          "poblacion": 39528
        },
        {
          "anio": 2010,
          "poblacion": 39838
        },
        {
          "anio": 2011,
          "poblacion": 39987
        },
        {
          "anio": 2012,
          "poblacion": 40147
        },
        {
          "anio": 2013,
          "poblacion": 39753
        },
        {
          "anio": 2014,
          "poblacion": 39516
        },
        {
          "anio": 2015,
          "poblacion": 39168
        },
        {
          "anio": 2016,
          "poblacion": 39171
        },
        {
          "anio": 2017,
          "poblacion": 38881
        },
        {
          "anio": 2018,
          "poblacion": 39112
        },
        {
          "anio": 2019,
          "poblacion": 39398
        },
        {
          "anio": 2020,
          "poblacion": 39821
        },
        {
          "anio": 2021,
          "poblacion": 39695
        }
      ],
      "foto": "soria.png"
    },
    {
      "id": "tarragona",
      "nombre": "Tarragona",
      "datos": [
        {
          "anio": 1998,
          "poblacion": 112795
        },
        {
          "anio": 1999,
          "poblacion": 113016
        },
        {
          "anio": 2000,
          "poblacion": 114097
        },
        {
          "anio": 2001,
          "poblacion": 115153
        },
        {
          "anio": 2002,
          "poblacion": 117184
        },
        {
          "anio": 2003,
          "poblacion": 121076
        },
        {
          "anio": 2004,
          "poblacion": 123584
        },
        {
          "anio": 2005,
          "poblacion": 128152
        },
        {
          "anio": 2006,
          "poblacion": 131158
        },
        {
          "anio": 2007,
          "poblacion": 134163
        },
        {
          "anio": 2008,
          "poblacion": 137536
        },
        {
          "anio": 2009,
          "poblacion": 140323
        },
        {
          "anio": 2010,
          "poblacion": 140184
        },
        {
          "anio": 2011,
          "poblacion": 134085
        },
        {
          "anio": 2012,
          "poblacion": 133954
        },
        {
          "anio": 2013,
          "poblacion": 133545
        },
        {
          "anio": 2014,
          "poblacion": 132199
        },
        {
          "anio": 2015,
          "poblacion": 131255
        },
        {
          "anio": 2016,
          "poblacion": 131094
        },
        {
          "anio": 2017,
          "poblacion": 131507
        },
        {
          "anio": 2018,
          "poblacion": 132299
        },
        {
          "anio": 2019,
          "poblacion": 134515
        },
        {
          "anio": 2020,
          "poblacion": 136496
        },
        {
          "anio": 2021,
          "poblacion": 135436
        }
      ],
      "foto": "tarragona.png"
    },
    {
      "id": "teruel",
      "nombre": "Teruel",
      "datos": [
        {
          "anio": 1998,
          "poblacion": 29320
        },
        {
          "anio": 1999,
          "poblacion": 30047
        },
        {
          "anio": 2000,
          "poblacion": 30491
        },
        {
          "anio": 2001,
          "poblacion": 30789
        },
        {
          "anio": 2002,
          "poblacion": 31506
        },
        {
          "anio": 2003,
          "poblacion": 32304
        },
        {
          "anio": 2004,
          "poblacion": 32580
        },
        {
          "anio": 2005,
          "poblacion": 33238
        },
        {
          "anio": 2006,
          "poblacion": 33673
        },
        {
          "anio": 2007,
          "poblacion": 34236
        },
        {
          "anio": 2008,
          "poblacion": 35037
        },
        {
          "anio": 2009,
          "poblacion": 35396
        },
        {
          "anio": 2010,
          "poblacion": 35241
        },
        {
          "anio": 2011,
          "poblacion": 35288
        },
        {
          "anio": 2012,
          "poblacion": 35841
        },
        {
          "anio": 2013,
          "poblacion": 35961
        },
        {
          "anio": 2014,
          "poblacion": 35675
        },
        {
          "anio": 2015,
          "poblacion": 35590
        },
        {
          "anio": 2016,
          "poblacion": 35564
        },
        {
          "anio": 2017,
          "poblacion": 35484
        },
        {
          "anio": 2018,
          "poblacion": 35691
        },
        {
          "anio": 2019,
          "poblacion": 35890
        },
        {
          "anio": 2020,
          "poblacion": 36240
        },
        {
          "anio": 2021,
          "poblacion": 35994
        }
      ],
      "foto": "teruel.png"
    },
    {
      "id": "toledo",
      "nombre": "Toledo",
      "datos": [
        {
          "anio": 1998,
          "poblacion": 66989
        },
        {
          "anio": 1999,
          "poblacion": 67617
        },
        {
          "anio": 2000,
          "poblacion": 68537
        },
        {
          "anio": 2001,
          "poblacion": 69450
        },
        {
          "anio": 2002,
          "poblacion": 70893
        },
        {
          "anio": 2003,
          "poblacion": 72549
        },
        {
          "anio": 2004,
          "poblacion": 73485
        },
        {
          "anio": 2005,
          "poblacion": 75533
        },
        {
          "anio": 2006,
          "poblacion": 77601
        },
        {
          "anio": 2007,
          "poblacion": 78618
        },
        {
          "anio": 2008,
          "poblacion": 80810
        },
        {
          "anio": 2009,
          "poblacion": 82291
        },
        {
          "anio": 2010,
          "poblacion": 82489
        },
        {
          "anio": 2011,
          "poblacion": 83108
        },
        {
          "anio": 2012,
          "poblacion": 84019
        },
        {
          "anio": 2013,
          "poblacion": 83593
        },
        {
          "anio": 2014,
          "poblacion": 83334
        },
        {
          "anio": 2015,
          "poblacion": 83226
        },
        {
          "anio": 2016,
          "poblacion": 83459
        },
        {
          "anio": 2017,
          "poblacion": 83741
        },
        {
          "anio": 2018,
          "poblacion": 84282
        },
        {
          "anio": 2019,
          "poblacion": 84873
        },
        {
          "anio": 2020,
          "poblacion": 85811
        },
        {
          "anio": 2021,
          "poblacion": 85449
        }
      ],
      "foto": "toledo.png"
    },
    {
      "id": "valencia",
      "nombre": "Valencia",
      "datos": [
        {
          "anio": 1998,
          "poblacion": 739412
        },
        {
          "anio": 1999,
          "poblacion": 739412
        },
        {
          "anio": 2000,
          "poblacion": 739014
        },
        {
          "anio": 2001,
          "poblacion": 746612
        },
        {
          "anio": 2002,
          "poblacion": 761871
        },
        {
          "anio": 2003,
          "poblacion": 780653
        },
        {
          "anio": 2004,
          "poblacion": 785732
        },
        {
          "anio": 2005,
          "poblacion": 796549
        },
        {
          "anio": 2006,
          "poblacion": 805304
        },
        {
          "anio": 2007,
          "poblacion": 797654
        },
        {
          "anio": 2008,
          "poblacion": 807200
        },
        {
          "anio": 2009,
          "poblacion": 814208
        },
        {
          "anio": 2010,
          "poblacion": 809267
        },
        {
          "anio": 2011,
          "poblacion": 798033
        },
        {
          "anio": 2012,
          "poblacion": 797028
        },
        {
          "anio": 2013,
          "poblacion": 792303
        },
        {
          "anio": 2014,
          "poblacion": 786424
        },
        {
          "anio": 2015,
          "poblacion": 786189
        },
        {
          "anio": 2016,
          "poblacion": 790201
        },
        {
          "anio": 2017,
          "poblacion": 787808
        },
        {
          "anio": 2018,
          "poblacion": 791413
        },
        {
          "anio": 2019,
          "poblacion": 794288
        },
        {
          "anio": 2020,
          "poblacion": 800215
        },
        {
          "anio": 2021,
          "poblacion": 789744
        }
      ],
      "foto": "valencia.png"
    },
    {
      "id": "valladolid",
      "nombre": "Valladolid",
      "datos": [
        {
          "anio": 1998,
          "poblacion": 319946
        },
        {
          "anio": 1999,
          "poblacion": 319998
        },
        {
          "anio": 2000,
          "poblacion": 319129
        },
        {
          "anio": 2001,
          "poblacion": 318293
        },
        {
          "anio": 2002,
          "poblacion": 318576
        },
        {
          "anio": 2003,
          "poblacion": 321143
        },
        {
          "anio": 2004,
          "poblacion": 321713
        },
        {
          "anio": 2005,
          "poblacion": 321001
        },
        {
          "anio": 2006,
          "poblacion": 319943
        },
        {
          "anio": 2007,
          "poblacion": 316564
        },
        {
          "anio": 2008,
          "poblacion": 318461
        },
        {
          "anio": 2009,
          "poblacion": 317864
        },
        {
          "anio": 2010,
          "poblacion": 315522
        },
        {
          "anio": 2011,
          "poblacion": 313437
        },
        {
          "anio": 2012,
          "poblacion": 311501
        },
        {
          "anio": 2013,
          "poblacion": 309714
        },
        {
          "anio": 2014,
          "poblacion": 306830
        },
        {
          "anio": 2015,
          "poblacion": 303905
        },
        {
          "anio": 2016,
          "poblacion": 301876
        },
        {
          "anio": 2017,
          "poblacion": 299715
        },
        {
          "anio": 2018,
          "poblacion": 298866
        },
        {
          "anio": 2019,
          "poblacion": 298412
        },
        {
          "anio": 2020,
          "poblacion": 299265
        },
        {
          "anio": 2021,
          "poblacion": 297775
        }
      ],
      "foto": "valladolid.png"
    },
    {
      "id": "vitoria",
      "nombre": "Vitoria-Gasteiz",
      "datos": [
        {
          "anio": 1998,
          "poblacion": 216527
        },
        {
          "anio": 1999,
          "poblacion": 217154
        },
        {
          "anio": 2000,
          "poblacion": 217358
        },
        {
          "anio": 2001,
          "poblacion": 218902
        },
        {
          "anio": 2002,
          "poblacion": 221270
        },
        {
          "anio": 2003,
          "poblacion": 223257
        },
        {
          "anio": 2004,
          "poblacion": 223702
        },
        {
          "anio": 2005,
          "poblacion": 226490
        },
        {
          "anio": 2006,
          "poblacion": 227568
        },
        {
          "anio": 2007,
          "poblacion": 229484
        },
        {
          "anio": 2008,
          "poblacion": 232477
        },
        {
          "anio": 2009,
          "poblacion": 235661
        },
        {
          "anio": 2010,
          "poblacion": 238247
        },
        {
          "anio": 2011,
          "poblacion": 239562
        },
        {
          "anio": 2012,
          "poblacion": 242223
        },
        {
          "anio": 2013,
          "poblacion": 241386
        },
        {
          "anio": 2014,
          "poblacion": 242082
        },
        {
          "anio": 2015,
          "poblacion": 243918
        },
        {
          "anio": 2016,
          "poblacion": 244634
        },
        {
          "anio": 2017,
          "poblacion": 246976
        },
        {
          "anio": 2018,
          "poblacion": 249176
        },
        {
          "anio": 2019,
          "poblacion": 251774
        },
        {
          "anio": 2020,
          "poblacion": 253996
        },
        {
          "anio": 2021,
          "poblacion": 253093
        }
      ],
      "foto": "vitoria.png"
    },
    {
      "id": "zamora",
      "nombre": "Zamora",
      "datos": [
        {
          "anio": 1998,
          "poblacion": 64421
        },
        {
          "anio": 1999,
          "poblacion": 64906
        },
        {
          "anio": 2000,
          "poblacion": 65226
        },
        {
          "anio": 2001,
          "poblacion": 65633
        },
        {
          "anio": 2002,
          "poblacion": 65575
        },
        {
          "anio": 2003,
          "poblacion": 65639
        },
        {
          "anio": 2004,
          "poblacion": 65646
        },
        {
          "anio": 2005,
          "poblacion": 66123
        },
        {
          "anio": 2006,
          "poblacion": 66135
        },
        {
          "anio": 2007,
          "poblacion": 66138
        },
        {
          "anio": 2008,
          "poblacion": 66672
        },
        {
          "anio": 2009,
          "poblacion": 66293
        },
        {
          "anio": 2010,
          "poblacion": 65998
        },
        {
          "anio": 2011,
          "poblacion": 65525
        },
        {
          "anio": 2012,
          "poblacion": 65362
        },
        {
          "anio": 2013,
          "poblacion": 64986
        },
        {
          "anio": 2014,
          "poblacion": 64423
        },
        {
          "anio": 2015,
          "poblacion": 63831
        },
        {
          "anio": 2016,
          "poblacion": 63217
        },
        {
          "anio": 2017,
          "poblacion": 62389
        },
        {
          "anio": 2018,
          "poblacion": 61827
        },
        {
          "anio": 2019,
          "poblacion": 61406
        },
        {
          "anio": 2020,
          "poblacion": 60988
        },
        {
          "anio": 2021,
          "poblacion": 60297
        }
      ],
      "foto": "zamora.png"
    },
    {
      "id": "zaragoza",
      "nombre": "Zaragoza",
      "datos": [
        {
          "anio": 1998,
          "poblacion": 603367
        },
        {
          "anio": 1999,
          "poblacion": 603367
        },
        {
          "anio": 2000,
          "poblacion": 604631
        },
        {
          "anio": 2001,
          "poblacion": 610976
        },
        {
          "anio": 2002,
          "poblacion": 620419
        },
        {
          "anio": 2003,
          "poblacion": 626081
        },
        {
          "anio": 2004,
          "poblacion": 638799
        },
        {
          "anio": 2005,
          "poblacion": 647373
        },
        {
          "anio": 2006,
          "poblacion": 649181
        },
        {
          "anio": 2007,
          "poblacion": 654390
        },
        {
          "anio": 2008,
          "poblacion": 666129
        },
        {
          "anio": 2009,
          "poblacion": 674317
        },
        {
          "anio": 2010,
          "poblacion": 675121
        },
        {
          "anio": 2011,
          "poblacion": 674725
        },
        {
          "anio": 2012,
          "poblacion": 679624
        },
        {
          "anio": 2013,
          "poblacion": 682004
        },
        {
          "anio": 2014,
          "poblacion": 666058
        },
        {
          "anio": 2015,
          "poblacion": 664953
        },
        {
          "anio": 2016,
          "poblacion": 661108
        },
        {
          "anio": 2017,
          "poblacion": 664938
        },
        {
          "anio": 2018,
          "poblacion": 666880
        },
        {
          "anio": 2019,
          "poblacion": 674997
        },
        {
          "anio": 2020,
          "poblacion": 681877
        },
        {
          "anio": 2021,
          "poblacion": 675301
        }
      ],
      "foto": "zaragoza.png"
    },
    {
      "id": "",
      "nombre": "",
      "datos": {
        "0": {
          "poblacion": "",
          "anio": ""
        }
      },
      "foto": "example.png"
    },
    {
      "id": "micapital",
      "nombre": "micapital",
      "datos": {
        "0": {
          "poblacion": "23435435",
          "anio": "2020"
        }
      },
      "foto": "albacete.png"
    },
    {
      "id": "pruebacreacion",
      "nombre": "PruebaCreacion",
      "datos": {
        "0": {
          "poblacion": 3345436,
          "anio": 2002
        }
      },
      "foto": "albacete.png"
    }
  ]
}